-- phpMyAdmin SQL Dump
-- version 4.5.1
-- http://www.phpmyadmin.net
--
-- Host: 127.0.0.1
-- Generation Time: Aug 31, 2016 at 06:46 PM
-- Server version: 10.1.13-MariaDB
-- PHP Version: 7.0.8

SET SQL_MODE = "NO_AUTO_VALUE_ON_ZERO";
SET time_zone = "+00:00";


/*!40101 SET @OLD_CHARACTER_SET_CLIENT=@@CHARACTER_SET_CLIENT */;
/*!40101 SET @OLD_CHARACTER_SET_RESULTS=@@CHARACTER_SET_RESULTS */;
/*!40101 SET @OLD_COLLATION_CONNECTION=@@COLLATION_CONNECTION */;
/*!40101 SET NAMES utf8mb4 */;

--
-- Database: `project_blog`
--
CREATE DATABASE IF NOT EXISTS `project_blog` DEFAULT CHARACTER SET utf8 COLLATE utf8_general_ci;
USE `project_blog`;

-- --------------------------------------------------------

--
-- Table structure for table `comments`
--

CREATE TABLE `comments` (
  `ID` int(11) NOT NULL,
  `comment` varchar(1000) DEFAULT NULL,
  `authorID` int(11) DEFAULT NULL,
  `postID` int(11) DEFAULT NULL,
  `commentDate` timestamp NOT NULL DEFAULT CURRENT_TIMESTAMP ON UPDATE CURRENT_TIMESTAMP
) ENGINE=InnoDB DEFAULT CHARSET=utf8;

--
-- Dumping data for table `comments`
--

INSERT INTO `comments` (`ID`, `comment`, `authorID`, `postID`, `commentDate`) VALUES
(35, ' Nov komentar', 17, 21, '2016-08-31 16:18:54'),
(36, ' Komentar 1\r\n', 17, 21, '2016-08-31 16:18:54'),
(37, ' Komentar 2\r\n', 17, 21, '2016-08-31 16:18:54'),
(38, ' Komentar 3\r\n', 17, 21, '2016-08-31 16:18:54'),
(39, ' Супер', 17, 20, '2016-08-31 16:18:54'),
(40, ' Джокович ми е любимият тенисист.', 17, 15, '2016-08-31 16:19:29'),
(41, ' Евала', 19, 21, '2016-08-31 16:25:21'),
(42, ' Евала', 19, 21, '2016-08-31 16:25:42'),
(55, 'Bravoooooo', 19, 21, '2016-08-31 16:36:45'),
(56, ' weqewqe', 19, 21, '2016-08-31 16:39:46');

-- --------------------------------------------------------

--
-- Table structure for table `posts`
--

CREATE TABLE `posts` (
  `post_id` int(11) NOT NULL,
  `title` varchar(200) NOT NULL,
  `content` text NOT NULL,
  `author` varchar(200) NOT NULL,
  `date` timestamp NOT NULL DEFAULT CURRENT_TIMESTAMP,
  `user_id` int(11) NOT NULL
) ENGINE=InnoDB DEFAULT CHARSET=utf8;

--
-- Dumping data for table `posts`
--

INSERT INTO `posts` (`post_id`, `title`, `content`, `author`, `date`, `user_id`) VALUES
(1, 'Антонио Конте: Бъдещето на Куадрадо в Челси е неясно', 'Мениджърът на Челси Антонио Конте разкри, че все още няма яснота дали колумбийският национал Хуан Куадрадо ще остане в тима. Въпреки че бе привлечен в началото на 2015 година за 26 милиона паунда от Фиорентина, 28-годишният футболист така и не успя да си извоюва място в състава на лондончани. През миналия сезон крилото игра под наем в италианския шампион Ювентус, но след края на кампанията се завърна отново на „Стамфорд Бридж”. „В момента изчакваме за ситуацията с Куадрадо. Възможно е съвсем скоро да има новини по тази тема. За момента той остава играч на Челси и днес тренира с нас”, сподели Конте.  ', '', '2016-08-23 12:28:58', 19),
(4, 'САЩ и Испания влизат в дербито на баскетболния турнир в Рио', 'Суперфаворитите на баскетболния турнир на Олимпийските игри в Рио де Жанейро САЩ и Испания ще се срещнат в епичен сблъсък, който ще определи един от полуфиналистите в надпреварата.\n„Янките”, които ще опитат да спечелят своята трета поредна олимпийска титла, са считани за абсолютен фаворит на турнира, но именно Ла Фурия изглежда като единственият  тим, който има шансове да сложи край на доминацията на Дрийм тийма.', '', '2016-08-24 20:04:02', 19),
(13, 'Пиронкова започва срещу французойка в Ню Йорк', ' Първата ни ракета при жените Цветана Пиронкова ще стартира участието си в последния за годината турнир от Големия Шлем US Open срещу Виржини Разано от Франция. В момента 33-годишната французойка се намира на 166-то място в световната ранглиста, като върховото й постижение е №16.\r Предстоящият двубой ще е под номер 4 между двете тенисистки, като до момента българката има една победа срещу две за Разано. Именно обаче последният им сблъсък бе спечелен от Пиронкова и то точно на старта в Ню Йорк през 2011 година.\r При успех над французойката, във втори кръг Цвети ще срещне победителката от двубоя между поставената под №13 Джоана Конта (Великобритания) и участващата с "уайлд кард" американка Бетани Матек-Сендс.', '', '2016-08-29 13:08:55', 19),
(14, 'Моуриньо: Няма смисъл да бързам с Мхитарян', ' Мениджърът на Манчестър Юнайтед Жозе Моуриньо коментира ситуацията около едно от новите попълнения в тима Хенрих Мхитарян. 27-годишният офанзивен футболист премина на „Олд Трафорд” от Борусия Дортмунд, като очакванията към него без съмнение са огромни. Въпреки това обаче арменският национал получи малко игрови минути в първите три официални мача на „червените дяволи” от началото на кампанията.\r\n„В момента тези, на които гласувам доверие се представят много добре. Понякога, когато мениджър вземе футболист той го пуска в игра, защото иска единствено да предпази себе си. Аз избрах този играч, аз го купих, аз трябва да покажа на света, че съм прав. Това обаче не важи за мен. Първото нещо, за което мисля е отборът. Мики е страхотен футболист и съм убеден, че ще успее тук. Няма смисъл да бързам с пускането му в игра само за да покажа на света колко е добър в действителност”, заяви Моуриньо.\r\nВсе пак португалецът разкри, че има голяма вероятност арменският национал да се появи на терена при гостуването на Хъл Сити.', '', '2016-08-29 22:10:43', 19),
(15, 'Джокович: Намирам се в пика на своята кариерата', 'Броени дни преди старта на последния за годината турнир от Големия Шлем US Open световният №1 Новак Джокович заяви, че се чувства в пика на своите сили. Сърбинът ще опита да спечели за трети път надпреварата в Ню Йорк, след като го направи през 2011 и 2015 година.\r\n„На 29 години съм, намирам се в пика на кариерата си като тенисист и ще опитам да задържа това ниво, колкото се може по-дълго. Именно тази нагласа ми позволява да се фокусирам върху целите си, надявам се, че и физически ще мога да продължавам да показвам най-добрия си тенис. Знам, че в това отношение все още има какво да подобря, но се надявам да го направя в следващите няколко дни до началото на турнира”, заяви той.\r\nДжокович ще стартира защитата на титлата си от миналата година с двубой срещу Йежи Янович от Полша.', '', '2016-08-29 22:11:18', 19),
(20, 'България спечели първата контрола с Белгия', ' Женският национален отбор по волейбол на България победи Белгия с 3:2 (23:25, 25:18, 25:21, 25:13, 21:25) в първата от общото трите контроли, които ще изиграят двата тима в столичната зала "Христо Ботев”.\r\nРодните волейболистки спечелиха двубоя с 3:1 гейма, но първоначалната уговорка между двата щаба бе за пет гейма до 25 точки. Селекционерът Иван Сеферинов направи доста промени в хода на мача, като единствените състезателки, които останаха на терена през цялото време бяха Цветелина Заркова и либерото Кристин Колчагова.\r\nНай-резултатна в срещата бе Силвана Чаушева, която завърши с 23 точки, а 12 добави Цвети Заркова. За състава на Белгия Ван Гестел записа 16 пункта.\r\nДнес от 18:00 ч. в зала “Христо Ботев” ще се проведе и втората приятелска среща между двата отбора.\r\n\r\n', '', '2016-08-30 11:07:18', 19),
(21, 'Попов: Искаме да стартираме с една хубава победа', '"Всички осъзнаваме важността на този мач и искаме да стартираме с една хубава победа и да дадем заявка, че ще се борим сериозно в тези квалификации", обяви капитанът на националния отбор на България Ивелин Попов преди квалификацията с Люксембург следващата седмица.\r\n"Лъвовете" започва борбата си за участие на Мондиал 2018 с домакинство на аутсайдера в групата, което ще се проведе на 6 септември на Националния стадион "Васил Левски". Всички осъзнаваме важността на този мач и искаме да стартираме с една хубава победа и да дадем заявка, че ще се борим сериозно в тези квалификации. Вече няма лесни съперници, видяхте и на Европейското, абсолютно всички отбори играят. Ще се борим с повече себераздаване, хъс и мотивация, реално погледнато отстъпваме по качества на повечето отбори в групата, на изявените фаворити. Ние го знаем това и можем да компенсираме само с колективна игра. Всички видяхте, че в Япония изиграхме недобри мачове за България и на никой не му е приятно да претърпява такива загуби и се опитваме да не си ги спомняме. Затова искаме да победим в този мач убедително и да измием това петно", коментира Попов на среща с медиите днес.\r\n\r\n\r\n', '', '2016-08-31 09:11:50', 19);

-- --------------------------------------------------------

--
-- Table structure for table `users`
--

CREATE TABLE `users` (
  `ID` int(100) NOT NULL,
  `username` varchar(50) CHARACTER SET armscii8 NOT NULL,
  `password_hash` varchar(100) NOT NULL,
  `full_name` varchar(200) DEFAULT NULL
) ENGINE=InnoDB DEFAULT CHARSET=utf8;

--
-- Dumping data for table `users`
--

INSERT INTO `users` (`ID`, `username`, `password_hash`, `full_name`) VALUES
(3, 'vangelov', '$2y$10$phisHNvi8Y2UkkimZBiZrOvPJowHZQHj3EnlejBWLjMXDBFFlebFW', NULL),
(17, 'sport', '$2y$10$TsgeBYZ6t85wt3QQxGugb.aA.ugluV12BeVvoqiaxJt57JWIxERB.', 'Victor Angelov'),
(18, 'sport2', '$2y$10$5viPOwL6S.BaPawmThfk6e2qY0Czxru/12mj2ARJwhesJA18pApBC', 'viktor angelov'),
(19, 'Stan', '$2y$10$qZxbl6DFtgqxMm4.J.1h.OJEZ4kYBjnHtXZFxAtmbzvnK7SWxWV.6', 'Станимир Иванов');

--
-- Indexes for dumped tables
--

--
-- Indexes for table `comments`
--
ALTER TABLE `comments`
  ADD PRIMARY KEY (`ID`),
  ADD UNIQUE KEY `ID_UNIQUE` (`ID`),
  ADD KEY `fk_comments_users_idx` (`authorID`),
  ADD KEY `fk_comments_posts_idx` (`postID`);

--
-- Indexes for table `posts`
--
ALTER TABLE `posts`
  ADD PRIMARY KEY (`post_id`),
  ADD KEY `fk_users_posts_idx` (`user_id`);

--
-- Indexes for table `users`
--
ALTER TABLE `users`
  ADD PRIMARY KEY (`ID`),
  ADD UNIQUE KEY `username` (`username`),
  ADD UNIQUE KEY `username_2` (`username`),
  ADD UNIQUE KEY `username_3` (`username`);

--
-- AUTO_INCREMENT for dumped tables
--

--
-- AUTO_INCREMENT for table `comments`
--
ALTER TABLE `comments`
  MODIFY `ID` int(11) NOT NULL AUTO_INCREMENT, AUTO_INCREMENT=57;
--
-- AUTO_INCREMENT for table `posts`
--
ALTER TABLE `posts`
  MODIFY `post_id` int(11) NOT NULL AUTO_INCREMENT, AUTO_INCREMENT=32;
--
-- AUTO_INCREMENT for table `users`
--
ALTER TABLE `users`
  MODIFY `ID` int(100) NOT NULL AUTO_INCREMENT, AUTO_INCREMENT=24;
--
-- Constraints for dumped tables
--

--
-- Constraints for table `comments`
--
ALTER TABLE `comments`
  ADD CONSTRAINT `fk_comments_posts` FOREIGN KEY (`postID`) REFERENCES `posts` (`post_id`) ON DELETE NO ACTION ON UPDATE NO ACTION,
  ADD CONSTRAINT `fk_comments_users` FOREIGN KEY (`authorID`) REFERENCES `users` (`ID`) ON DELETE NO ACTION ON UPDATE NO ACTION;

--
-- Constraints for table `posts`
--
ALTER TABLE `posts`
  ADD CONSTRAINT `fk_users_posts` FOREIGN KEY (`user_id`) REFERENCES `users` (`ID`) ON DELETE NO ACTION ON UPDATE NO ACTION;

/*!40101 SET CHARACTER_SET_CLIENT=@OLD_CHARACTER_SET_CLIENT */;
/*!40101 SET CHARACTER_SET_RESULTS=@OLD_CHARACTER_SET_RESULTS */;
/*!40101 SET COLLATION_CONNECTION=@OLD_COLLATION_CONNECTION */;
